20,10,10,1
21,0,0.22513773754911434
21,1,0.9744564257438131
21,2,-0.49208329795420097
21,3,-0.7180792908347468
21,4,-0.16588955037983255
21,5,0.0849761010938873
21,6,0.5001239468383463
21,7,0.07729596301790406
21,8,0.17884704113306601
21,9,-0.1809074139160086
21,10,-0.34082039733274516
21,11,-0.7326464027471183
21,12,-0.3332422008084377
21,13,0.9972365429792874
21,14,0.937070383574465
21,15,0.5037525263451744
21,16,-0.03140838508305299
21,17,0.6417707653919598
21,18,-0.2737693250297522
21,19,-0.29058002567765134
21,20,-0.6872600901665626
22,21,-0.5366778719794851
22,22,-0.777066640186813
22,23,0.9119640416498106
22,24,0.22411710952737857
22,25,-0.5359454454071221
22,26,-0.5755210118911297
22,27,0.8809809464464045
22,28,-0.34985724080607605
22,29,0.4076388555190697
22,30,-0.6879787631630151
22,31,0.6344551017755768
22,32,-0.07351958253769189
22,33,0.5192145602930122
22,34,0.11000797764674633
22,35,0.09022748744836315
22,36,-0.7593160538884826
22,37,0.6257901746708168
22,38,0.8319142756866422
22,39,-0.9682448331299164
22,40,-0.11393878157982924
22,41,-0.15751641761654667
23,42,-0.11083772209929904
23,43,-0.015716670728439294
23,44,-0.042774828604624705
23,45,0.9217895700079798
23,46,-0.9840856845480924
23,47,-0.5035817061864936
23,48,0.4995291863545172
23,49,0.2933641483983359
23,50,-0.5784211382290073
23,51,-0.8795608778360111
23,52,-0.4541844941497467
23,53,0.061733681505214834
23,54,-0.3490440630779069
23,55,0.14277212758351027
23,56,-0.9900978084047368
23,57,0.10226460543310721
23,58,-0.6124574849217931
23,59,-0.9597469026272479
23,60,-0.9188074029969915
23,61,-0.99653824124695
23,62,0.31497579557518884
24,63,-0.13900623974713164
24,64,-0.7760321339677007
24,65,-0.6110834580039691
24,66,0.7984830665117342
24,67,0.3605536407449714
24,68,-0.308114282294163
24,69,-0.015874629775545643
24,70,-0.7175793910935084
24,71,0.30978068702649564
24,72,-0.37580928795163865
24,73,-0.3171708895635565
24,74,0.05558998821582774
24,75,-0.9064870463216138
24,76,-0.4362126474928981
24,77,-0.16929798984760494
24,78,0.2785454445767402
24,79,-0.5788319512663757
24,80,-0.4746894818693338
24,81,-0.05113975204849392
24,82,-0.9573290750202463
24,83,0.7966485577303564
25,84,0.6341139458977204
25,85,-0.7931268089446747
25,86,-0.3781749587870361
25,87,0.23569587487019464
25,88,0.8179322336774408
25,89,-0.8755833900847919
25,90,-0.9174890086376157
25,91,0.6901421153240862
25,92,0.9566262499786516
25,93,0.0942805195029574
25,94,0.8532570364681255
25,95,-0.5084020083224644
25,96,-0.4428739394614763
25,97,-0.2821271494328793
25,98,0.10689872543557392
25,99,0.40496325089698326
25,100,-0.8832953758182972
25,101,0.18646938629443327
25,102,0.3352132571626871
25,103,0.7595303016176481
25,104,-0.02958138614271899
26,105,-0.6559675915082062
26,106,0.7541130035238147
26,107,0.40416678219605756
26,108,-0.2842049457572745
26,109,-0.4517825281989913
26,110,0.00978307877467414
26,111,-0.405364334610152
26,112,0.2260629274682651
26,113,-0.08371407339918993
26,114,-0.11269222136448198
26,115,-0.15917917520966565
26,116,-0.6642666620053113
26,117,-0.7621295393833589
26,118,-0.18955189600889386
26,119,0.6268034694220372
26,120,-0.37418839941085025
26,121,0.2863847104661005
26,122,0.18051396516605664
26,123,-0.12809855420181468
26,124,0.908700359772445
26,125,0.18251303138099395
27,126,0.8258295899963102
27,127,0.7983682310757291
27,128,-0.70392796728889
27,129,-0.9814162601054544
27,130,-0.7622112229743367
27,131,-0.8450891578013056
27,132,-0.9630659884671915
27,133,1.005843712607096
27,134,0.7124454415503422
27,135,-0.23746301629630945
27,136,-0.8186024151974
27,137,0.111270398605751
27,138,-0.12431334042108719
27,139,0.4842502048212329
27,140,0.9255145352322881
27,141,0.1559319876968225
27,142,-0.39023641646709384
27,143,0.8962524872684836
27,144,0.6169415413495449
27,145,-0.5549132189829744
27,146,0.20348798700834014
28,147,0.544168721669692
28,148,0.8947229682567552
28,149,0.03168628764692977
28,150,0.9012998055679666
28,151,0.6012159188331949
28,152,-0.05125139930226936
28,153,-0.29187667886172536
28,154,-0.03234930003489981
28,155,0.5091970486628319
28,156,-0.15078196618803433
28,157,-0.6171217256162617
28,158,0.06717220011686605
28,159,0.4659132505551836
28,160,-0.40568089559024245
28,161,0.3673221357063054
28,162,0.6838821196787113
28,163,0.3542308235557509
28,164,0.46889799488837536
28,165,0.6881419521703233
28,166,-0.9363804858815157
28,167,-0.9643829544322644
29,168,-0.8679064101436536
29,169,-0.15444394483031249
29,170,-0.633342114230413
29,171,0.0074540874095370725
29,172,-0.9593918969971761
29,173,-0.11543264508950282
29,174,0.4426154205295294
29,175,0.6894136356039006
29,176,-0.3284059469353865
29,177,-0.7852590381362257
29,178,0.12285932969238271
29,179,0.8972824040374165
29,180,-0.6958300408100603
29,181,0.10550486787579683
29,182,-0.35688423742612047
29,183,-0.5751131748321894
29,184,-0.8137262390918444
29,185,-0.4607658704271782
29,186,0.45907417964823777
29,187,0.0778053965234385
29,188,0.28685217073615044
30,189,-0.2782137578574795
30,190,0.6359308577664099
30,191,-0.026088446512433177
30,192,0.9800144355190966
30,193,-0.6792430429490333
30,194,-0.3823205856743366
30,195,-0.4684866764699392
30,196,0.5890640310291453
30,197,-0.5643350746576051
30,198,0.39846592498490574
30,199,-0.9155998834218909
30,200,-0.019181796207509757
30,201,-0.9599887116212258
30,202,0.729940692703303
30,203,-0.17803531416254223
30,204,0.017634619970260404
30,205,-0.2930454644834529
30,206,0.37444682686052116
30,207,0.4409721076294378
30,208,0.1342307351686488
30,209,0.40099946073210013
31,210,0.7008159018865501
31,211,-0.15209850069598
31,212,0.5861208132473447
31,213,0.7900361444225733
31,214,-0.22090729676550813
31,215,0.08391768167563207
31,216,0.5858749745500396
31,217,-0.5186985473857519
31,218,-0.7553914538392814
31,219,0.3028710489553215
31,220,-0.002413003313353812
32,221,0.8371752914081322
32,222,0.652620391833862
32,223,-0.8436650899753162
32,224,0.3184031238926087
32,225,0.41774584407105814
32,226,0.9277399122932746
32,227,0.43220369920479146
32,228,-0.26325798689447827
32,229,-0.3412557931555992
32,230,-0.8628666465895969
32,231,0.02534288063966983
33,232,-0.0656793292430985
33,233,0.9150518161627959
33,234,-0.14264390545584957
33,235,0.48615669512668236
33,236,0.9152536177559748
33,237,0.1996431983525422
33,238,-0.39655233078576113
33,239,-1.001215834482277
33,240,0.7038645111998186
33,241,-0.4786775151005406
33,242,0.35464659580072233
34,243,0.4267133659935748
34,244,0.552979720473174
34,245,0.5509153986697627
34,246,0.3730627298914925
34,247,0.5269944550945951
34,248,0.7209349699952754
34,249,-0.3329885831779164
34,250,-1.024900365948861
34,251,-0.13520223312373988
34,252,-0.5420032956921111
34,253,0.9725928716538155
35,254,-0.3279914761930853
35,255,0.818189386192391
35,256,-0.5462345499282935
35,257,0.15966537869139263
35,258,0.5424204238786917
35,259,0.24944841572364587
35,260,0.07586603244426786
35,261,0.9429495967085262
35,262,-0.4418217131147041
35,263,-1.0005289547865044
35,264,-0.8282554227045191
36,265,-0.0904067712298428
36,266,0.11609143265263748
36,267,0.37457815693735697
36,268,0.7653539338838911
36,269,0.6303515110061731
36,270,0.8366144978870739
36,271,-0.6295480848200711
36,272,-0.014472756437134148
36,273,0.3282064844265975
36,274,-0.889890980831506
36,275,0.25400208386356793
37,276,0.4473525580049823
37,277,-0.6527927080028129
37,278,0.2116365680179011
37,279,-0.12436675882145125
37,280,0.34888592775403876
37,281,0.7905091395364121
37,282,-0.017368830021680253
37,283,-0.7203961976060779
37,284,0.10840480287759095
37,285,-0.631227880805931
37,286,-0.7657800225327736
38,287,0.7867036452856194
38,288,-0.28115553410174826
38,289,-0.47287107887349356
38,290,0.18537542669823445
38,291,-0.5209150627312533
38,292,0.6749235380541737
38,293,-0.49554244348936005
38,294,-0.030602579216373216
38,295,-0.8422439259160209
38,296,0.08077827423812224
38,297,-0.7180276846905591
39,298,0.021475661920515726
39,299,0.0013399165674676439
39,300,0.7054540682662935
39,301,-0.13452081015722633
39,302,-0.4212179115325096
39,303,0.9239664814472841
39,304,0.6313064377684713
39,305,-0.2735742933364953
39,306,0.8584447286848434
39,307,0.997290156288792
39,308,0.3079085450516308
40,309,0.30143305911273516
40,310,-0.5717308170299955
40,311,-0.5446974495654924
40,312,-0.7530248342326069
40,313,-0.30957127273618906
40,314,0.2151200935160321
40,315,0.2043805228452244
40,316,-0.22171599860526775
40,317,-0.01813783912424491
40,318,0.7351934897754789
40,319,-0.3037749608505256
61,320,-0.760715677424752
61,321,-0.25730435399509277
61,322,0.13943865597420482
61,323,0.27783815028221953
61,324,-0.5305028169340055
61,325,-0.9505994903566632
61,326,0.5238777561271822
61,327,0.19328301437436657
61,328,0.08386899232391411
61,329,-0.12410858237076319
61,330,-0.6312752700564631
61,331,-0.16013874196756878
61,332,-0.5728064970852941
61,333,-0.7291594930777834
61,334,0.22332896942172678
61,335,-0.8867909157094126
61,336,-0.4729392500541918
61,337,-0.7856675534067578
61,338,-0.33928533591284527
61,339,-0.8362674600224868
61,340,0.7987787841829619
61,341,0.05956267626832732
61,342,-0.7890670531277767
61,343,-0.8659869234900557
61,344,0.8497576041993343
61,345,-0.6758137996531904
61,346,1.0010382379774583
61,347,0.25497948158352585
61,348,0.6405909233156045
61,349,-0.3282973176518748
61,350,-0.3551715662415298
62,351,0.2696594755084231
62,352,0.4269737923564766
62,353,0.15454419090283816
62,354,-0.3680227224839297
62,355,-0.4866785201612124
62,356,-0.719182887138356
62,357,0.9806511411926857
62,358,0.04972230190322609
62,359,0.7970196228313355
62,360,-0.4128481181561145
62,361,-0.4705102335982522
62,362,0.01591626604057601
62,363,0.06091695877714635
62,364,-0.7535222021807738
62,365,0.9442697005435561
62,366,-0.29294569028120265
62,367,0.3732505514397273
62,368,0.38032167405892064
62,369,0.7150491665918357
62,370,0.7305919853845888
62,371,-0.20726149260278448
62,372,0.6281509195571772
62,373,0.892497855898659
62,374,-0.877684016469637
62,375,-0.5845225725524075
62,376,0.0621497890411687
62,377,-0.7079847709296961
62,378,-0.18530775161695945
62,379,-0.898136710729342
62,380,-0.8678799781826961
62,381,0.272060398077979
63,382,0.49620254562346383
63,383,-0.09427110436461959
63,384,0.5269934346633907
63,385,-0.20752408612696172
63,386,0.7594732841109713
63,387,0.10664827474452598
63,388,-0.3980804931397897
63,389,0.42398886739138447
63,390,0.8935134407681793
63,391,0.6505784071646391
63,392,0.9826333091789557
63,393,0.4527034548527705
63,394,-0.7817051612181433
63,395,0.48778262969717234
63,396,0.731968944424942
63,397,-0.8081192216283625
63,398,-0.36889448764819754
63,399,-0.4641829877334752
63,400,-0.48834819894044357
63,401,0.3404142519977444
63,402,0.5064460893008258
63,403,0.23916901256099313
63,404,0.5177421797152975
63,405,-0.3045242125375434
63,406,-0.897229922782374
63,407,0.40698213308519765
63,408,-0.40561419512821745
63,409,-0.4920513428181061
63,410,-0.5975587818145626
63,411,-0.9010344134611777
63,412,0.5904079572693002
64,413,-0.008791882336606554
64,414,-0.22908679377397856
64,415,-0.6991758644922506
64,416,-0.7495313995027291
64,417,-0.8116709439098378
64,418,-0.8106476972248815
64,419,-0.05299603336035706
64,420,-0.18466765019114792
64,421,-0.20412532601163555
64,422,-0.6534447081724382
64,423,0.6766190922266256
64,424,0.34817966206674805
64,425,-0.6688179273301771
64,426,0.01538769046822376
64,427,0.790282148750896
64,428,0.3240325995497591
64,429,0.9342839573225246
64,430,0.2870864585102571
64,431,-0.24816969776466866
64,432,1.1014760720843682
64,433,0.8510587187029324
64,434,0.5409494809087583
64,435,-0.24827597281030517
64,436,-0.30777098704726635
64,437,-0.2757708248812595
64,438,0.1317419619434827
64,439,0.027319533011716763
64,440,0.5298214267974432
64,441,0.7338741780866004
64,442,0.3755095677042817
64,443,0.675520647719626
65,444,0.910143447668676
65,445,-0.6714559333376036
65,446,0.11063968995583322
65,447,-0.12825924633923383
65,448,0.5853953876625143
65,449,-0.9731547595955347
65,450,0.3096237167015893
65,451,0.8443463422124203
65,452,-0.691006214782823
65,453,-0.2558688373397153
65,454,-0.29270279204993005
65,455,-0.4306411012692516
65,456,-0.409025987095996
65,457,0.39004212182797166
65,458,0.6238199342958153
65,459,-0.8243008892340142
65,460,0.9816170887671419
65,461,-0.5253759407939954
65,462,0.9605631117459635
65,463,-0.26988057956106976
65,464,0.7389942393319172
65,465,-0.2457666266452952
65,466,-0.7369699094760265
65,467,-0.46080230343565853
65,468,0.4443442647088264
65,469,0.24000767356694855
65,470,-0.3164302911014589
65,471,-0.47236538127980293
65,472,-0.41051249680957574
65,473,0.8058368204054064
65,474,-0.10759636366883729
66,475,0.7320504144928157
66,476,0.03583785645722887
66,477,0.13161139570061736
66,478,1.0315961832664546
66,479,0.32492368138840794
66,480,-0.9498323017463363
66,481,-0.36017378983068915
66,482,0.3924903779931914
66,483,0.3168249893924706
66,484,0.46929999980414755
66,485,0.3277708603569362
66,486,-0.210466529110811
66,487,0.7184508235065373
66,488,0.6559719381141199
66,489,0.1332613845791258
66,490,-0.13619130613134292
66,491,-0.33177986875625265
66,492,-0.5541029278836884
66,493,1.0494686212761535
66,494,-0.31508747560577566
66,495,-0.20306227826202974
66,496,-0.3194035474445626
66,497,-0.02896804760639429
66,498,-0.7081686582284434
66,499,-0.5661729549984965
66,500,-0.13042389341391838
66,501,0.2263029575910445
66,502,-0.34184932286908615
66,503,0.9255937389999815
66,504,-0.16039166407400132
66,505,0.015490426278945701
67,506,-0.4064622718741823
67,507,-0.07378593590910004
67,508,-0.8221158705480623
67,509,-0.5555983518699567
67,510,0.2999712462089749
67,511,0.4674655189611632
67,512,-0.2682483095562126
67,513,0.7640925477690047
67,514,0.033041721651214634
67,515,-0.051887725497959926
67,516,-0.25655163052434204
67,517,0.14678824392797155
67,518,0.36217182343325877
67,519,0.8092556007643215
67,520,-0.33785951613739174
67,521,0.2186040874328963
67,522,0.6548852094645343
67,523,-0.6324100639228678
67,524,-0.5272510251500666
67,525,-1.576994302962233
67,526,0.3922414458505038
67,527,0.4362253001064483
67,528,-0.4121102260349505
67,529,-0.3949465211024365
67,530,0.774024269429749
67,531,0.3740851285455976
67,532,-0.8211783722281147
67,533,-0.17393714202978053
67,534,0.020923144357418984
67,535,-0.10404222384205378
67,536,-0.818205935942097
68,537,0.18001099408128193
68,538,-0.10812284527739853
68,539,-0.640618318791551
68,540,-0.7674699060768554
68,541,-0.8801320651205974
68,542,0.1395325248580967
68,543,-0.5085656357338163
68,544,-0.54687637697924
68,545,0.7063417000437698
68,546,-0.8800137432658486
68,547,-0.9958886272366914
68,548,0.40360575087239664
68,549,-0.9611153587745829
68,550,-0.16050406292939617
68,551,0.15522090190699311
68,552,0.7514879785312983
68,553,-0.30789440435154364
68,554,-0.7894900177869849
68,555,-0.4177172713357402
68,556,-0.6245377686427261
68,557,0.03826842632683375
68,558,0.7708191967794805
68,559,0.6082666240948482
68,560,0.9647320788917796
68,561,-0.8943701641217652
68,562,0.11598414140700125
68,563,0.14654993668130994
68,564,0.4918656127382544
68,565,-0.9332830103369665
68,566,-0.13832958471899773
68,567,0.17261098262795715
69,568,0.08473367996525709
69,569,0.9221141390564629
69,570,0.025963370258941926
69,571,0.306372234665087
69,572,0.9212392060121755
69,573,-0.8524500269376509
69,574,0.8845153878022579
69,575,0.17956145744041757
69,576,0.8570271540131115
69,577,1.0284502393940407
69,578,-0.8766678057349439
69,579,-0.19252091160212442
69,580,0.6544272867940529
69,581,0.6276361705651414
69,582,-0.7630775937099933
69,583,0.49965116432783757
69,584,-0.7935865529626003
69,585,0.8498406664611985
69,586,-0.9197459297093595
69,587,-0.4112671676415027
69,588,0.39553525954340524
69,589,0.8346326196345853
69,590,0.04887384624330921
69,591,-0.69425376841926
69,592,0.4863631538802636
69,593,0.5691286111452794
69,594,-0.873460033812082
69,595,-0.984606982691669
69,596,-0.6062983035738405
69,597,0.7131144951900041
69,598,0.16696114568669573
70,599,-0.4780523433371676
70,600,-1.0005881370238465
70,601,-0.3686988168012634
70,602,-0.38329469003375916
70,603,-0.651776689569706
70,604,-0.521925812024147
70,605,-0.7365231017933669
70,606,0.6378553912029007
70,607,0.7760380874615921
70,608,-0.7493216498761249
70,609,-0.07612886752198733
70,610,0.187955868302768
70,611,-0.5503779524830652
70,612,0.49640976043991936
70,613,0.8502006934472974
70,614,0.7770004628381176
70,615,-0.6127403411014384
70,616,-0.6521828683241071
70,617,-0.4344348173478429
70,618,0.6091075234277046
70,619,0.034559220310381035
70,620,0.046317240613457246
70,621,1.0110002725724612
70,622,0.6601991913484397
70,623,-0.7780235922846647
70,624,-0.6979190825646044
70,625,-0.8121516642813675
70,626,0.1984253322613265
70,627,-0.005428202375384013
70,628,0.11513856240373749
70,629,-0.6675654694481015
71,630,-0.5409152538290877
71,631,0.8327420775440194
71,632,0.8118579805299122
71,633,-1.041427449773732
71,634,0.4788624447945857
71,635,1.0089496720263729
71,636,0.8023466251053736
71,637,-0.5333707232506767
71,638,-0.6011605270576369
71,639,-0.10328908627811202
71,640,0.6861790848421032
72,641,0.5531127985411084
72,642,0.5628620794210506
72,643,0.4854366517828231
72,644,0.9457209789327965
72,645,-0.20738315950721728
72,646,0.6368471807574472
72,647,0.9785496684041459
72,648,-0.2639428631326207
72,649,-0.7406123494874646
72,650,0.464867149912571
72,651,-0.23099211929555086
73,652,0.595126097370629
73,653,-0.11935703742511479
73,654,-0.078782454491114
73,655,-0.4781273998598382
73,656,-0.6103195677474682
73,657,0.1733412597719849
73,658,0.9664786230619463
73,659,-0.7556410861551126
73,660,-0.1057792621821564
73,661,0.8518998134158456
73,662,-0.03973824428648931
74,663,0.8317338239783049
74,664,-0.1380784142693364
74,665,-0.013193199805141774
74,666,0.5935202458696249
74,667,0.12700328543770192
74,668,0.11535800862107083
74,669,-0.9274139705036117
74,670,-0.8585158087122376
74,671,-1.010191455983124
74,672,-0.7478619629659484
74,673,0.9175036055265666
75,674,0.10462789021228436
75,675,-1.147006334838174
75,676,-0.6553026611452905
75,677,0.07581106842582552
75,678,0.06490962939428659
75,679,-0.8550071039509654
75,680,1.4024048852415696
75,681,0.03061875716764062
75,682,0.5046824979007625
75,683,0.5417507976407087
75,684,-0.33895271824428264
76,685,0.6474743692561543
76,686,0.2934140849153542
76,687,-0.20412793212345295
76,688,1.0492573934847365
76,689,-0.8922768019846934
76,690,-0.19649916556170358
76,691,0.011423223362431505
76,692,-0.2819816942240964
76,693,0.46884574272469987
76,694,-0.0987454828484547
76,695,0.38783921966984325
77,696,0.8717201299870018
77,697,-0.4958326526624569
77,698,-0.9769564561736013
77,699,0.813144868809196
77,700,-0.5679815236812091
77,701,-0.8366569846164218
77,702,-0.28462523745297585
77,703,0.9441602249564987
77,704,-0.2976126518946196
77,705,0.883218021198497
77,706,-0.8216424488069718
78,707,1.015379426454787
78,708,0.17632461809980557
78,709,0.3069105857047384
78,710,0.353641305890472
78,711,0.8460721897649477
78,712,-0.10172631078130782
78,713,-0.8133542906101942
78,714,0.2259269549215248
78,715,-0.28618825512846624
78,716,-0.2504799238716375
78,717,-0.8322856785970223
79,718,-0.6659710958483176
79,719,-0.3498264268785741
79,720,0.7489395446234308
79,721,-0.8984533530636748
79,722,-0.45168317860478013
79,723,-0.5842223400778305
79,724,0.9096026235054896
79,725,-0.8389301036505715
79,726,-0.2521588327234572
79,727,-0.5328221552338475
79,728,-0.6349636851533196
80,729,-0.6289305526938882
80,730,0.18604318898876815
80,731,-0.48621158490881483
80,732,-0.21354737040705152
80,733,0.9262748513898402
80,734,-0.9118824360374115
80,735,0.7133918540503603
80,736,-0.029345534004644496
80,737,0.3884168864494786
80,738,-0.3199540229454228
80,739,-0.6914828737216008
101,740,-0.5710584170869533
101,741,-0.842967799101695
101,742,-0.6195747196191018
101,743,-0.8999276453546531
101,744,0.4834585643015454
101,745,0.1642068983440257
101,746,0.5552915217875037
101,747,0.10813339730237126
101,748,0.3240071385509578
101,749,0.4304599899156078
101,750,0.24440249613781978
101,751,0.9914414662793474
101,752,-0.3376731644920024
101,753,-0.7096786889029582
101,754,0.16729814010463553
101,755,0.7511189032758543
101,756,0.9676790027346411
101,757,0.43294830741401524
101,758,0.3724557139279122
101,759,0.09640749030934588
101,760,0.09837791995793571
101,761,-0.602705992750054
101,762,0.4469830861731677
101,763,-0.3845662319354381
101,764,0.3563598672705178
101,765,0.9379583010675892
101,766,-0.4575883684821173
101,767,-0.14626376240751046
101,768,0.3562272715756354
101,769,-0.34344160755424363
101,770,-0.5572119400419981
102,771,-0.3994833477236529
102,772,-0.355051576119922
102,773,0.4136310833881279
102,774,-0.25620710188333634
102,775,0.2868066571392612
102,776,0.4892353074229596
102,777,-0.681651547405941
102,778,-0.15001993486131576
102,779,-0.4108492896055944
102,780,0.9018218880906126
102,781,0.6675676729846567
102,782,-0.3505113983326843
102,783,0.7202884292099209
102,784,-0.8397955338924364
102,785,0.6060702975923197
102,786,0.5234895663247389
102,787,0.7420522877983087
102,788,0.8605589509319486
102,789,0.6935889226652945
102,790,0.6597532851077513
102,791,0.8511903296092757
102,792,0.35399511202616524
102,793,-0.3812706556586293
102,794,-0.42219116360909986
102,795,0.7073047780577193
102,796,-0.7584976672605365
102,797,0.2568150567089751
102,798,0.4150388427221671
102,799,0.26764436041464845
102,800,0.6637335676055921
102,801,0.08239562373595377
103,802,-0.9782215094966936
103,803,-0.08491917656163224
103,804,-0.9487305452404479
103,805,-0.8077352629176179
103,806,-0.4637810853878911
103,807,0.48956000069531774
103,808,-0.1152886826622219
103,809,0.19811809413698128
103,810,-0.7136976754558039
103,811,0.734442780940734
103,812,0.6518024335490534
103,813,-0.8770823515574745
103,814,-0.13083111496526803
103,815,0.5470242571327181
103,816,0.5795534477307612
103,817,-0.11486455396455347
103,818,-0.4420899526924782
103,819,-0.5693835182125573
103,820,-0.6808896556161406
103,821,-0.8508666919681861
103,822,-0.33072898276271573
103,823,0.5537023851622557
103,824,0.3641467302381187
103,825,0.22219220333878903
103,826,0.8261938527790271
103,827,0.17344353910512778
103,828,-0.8568608507762768
103,829,0.47609523191100206
103,830,0.2630206337267264
103,831,-0.6190567771305372
103,832,-0.9162738502190586
104,833,-0.27437480441316237
104,834,0.6570389566571266
104,835,0.5797511866840628
104,836,-0.7672809213897658
104,837,-0.08557146790192918
104,838,0.04856516116604005
104,839,-0.7707959287202862
104,840,-1.0942563666533334
104,841,-1.0077868271518844
104,842,0.5092910408532689
104,843,-0.35107387353880015
104,844,0.2238434368579373
104,845,0.6648550880392599
104,846,-0.5106876612566283
104,847,0.26445992656453027
104,848,0.9381393915478448
104,849,0.22748879989308288
104,850,0.913900527112754
104,851,0.5528976931109671
104,852,2.0669548953811048
104,853,-1.2314197772744526
104,854,-0.42245980453976845
104,855,-0.9576558799267378
104,856,-0.7208221861369107
104,857,-1.5399141386525907
104,858,0.1625204746518991
104,859,-0.78763040214379
104,860,0.31576219339547457
104,861,-1.3490447771547598
104,862,-0.04947611047845173
104,863,-0.05667602861796395
105,864,0.9416101923202422
105,865,0.49041087725731075
105,866,0.710253474454674
105,867,0.6475926685557669
105,868,-0.3549392639850904
105,869,-0.6270529506998448
105,870,-0.9182760996779807
105,871,0.5663849977128768
105,872,0.5325241649370515
105,873,0.22467777679983184
105,874,0.8902549929193114
105,875,0.7427884854779784
105,876,-0.700545505965796
105,877,0.6955687973627829
105,878,0.03613145213925326
105,879,-0.5704470298262458
105,880,-0.4899463969787869
105,881,0.45217393133402684
105,882,0.8735845535142894
105,883,-0.5197800150028467
105,884,-0.3994939158549297
105,885,-0.14213901739122498
105,886,0.5153523070425041
105,887,0.1431906463880547
105,888,-0.25460671436975624
105,889,0.9508084941971824
105,890,0.12134096896011895
105,891,-0.6211642933086591
105,892,0.7099522458866201
105,893,0.3576466959213036
105,894,0.08404752848081887
106,895,-1.014428685840788
106,896,0.5180669038828272
106,897,0.3696108353807966
106,898,-0.06356445441529077
106,899,0.19686153235666753
106,900,0.6162978500038269
106,901,-0.8545437520880166
106,902,-0.7140062257463693
106,903,-0.23358345038767095
106,904,-0.5446544211263443
106,905,0.581013823204876
106,906,0.7641419382577431
106,907,-0.36825249961345974
106,908,0.005668857476276392
106,909,0.7932967842010482
106,910,0.20800965936332658
106,911,0.4854892670444953
106,912,0.9677615243354882
106,913,-0.748028582613204
106,914,-1.2497693229476339
106,915,-0.5078201268858581
106,916,-0.32401870531141724
106,917,0.3930352991944104
106,918,-0.07240082908939259
106,919,0.47857002534066073
106,920,0.03698976412858344
106,921,-0.4006402149932863
106,922,0.17791735079621684
106,923,0.9800687779399385
106,924,0.3509987541458691
106,925,0.21294332253055037
107,926,-0.34652429204080065
107,927,0.15224898414900606
107,928,0.7189531675140892
107,929,0.6629657160447266
107,930,0.5903337943721632
107,931,0.7508159861500056
107,932,-0.8705458978437277
107,933,0.794190708477074
107,934,-0.03190517897839498
107,935,-0.1949543897175472
107,936,-0.01414968946226357
107,937,0.2364081641176653
107,938,-0.9928320752412183
107,939,0.9634289868320596
107,940,0.8986402023277913
107,941,0.8413952584391218
107,942,0.3185220355530675
107,943,-0.010160070047889864
107,944,0.041730378653577
107,945,1.385468550296101
107,946,-0.33318042426289063
107,947,0.23925844256932255
107,948,-0.5922001851287585
107,949,-0.10779438539651769
107,950,-0.980207404833117
107,951,-0.3769296021904936
107,952,-0.7615815536406992
107,953,-0.9603231163392351
107,954,0.43858173542641543
107,955,-0.2983425459038253
107,956,0.520763387775556
108,957,-0.30486185324956433
108,958,-0.2849190816547826
108,959,0.46277524458998753
108,960,-0.2748917973329781
108,961,0.15014354976385244
108,962,-0.66403644430249
108,963,0.5384400055997306
108,964,-0.583545073475956
108,965,0.8708920055516631
108,966,0.4565417200297929
108,967,0.5755307189484199
108,968,-0.5323109737696708
108,969,0.09715316875793785
108,970,0.3014000032963373
108,971,-0.9580513545149127
108,972,0.08904993233082789
108,973,0.8216713817025512
108,974,-0.4413701594178156
108,975,-0.654350731908693
108,976,-0.616967474730645
108,977,-0.7510014326995471
108,978,-1.1111490465054366
108,979,0.07545815542428227
108,980,-0.2389735478523097
108,981,0.7978648652679017
108,982,-1.0350498124953331
108,983,-0.8071222495595668
108,984,-0.09982628586230498
108,985,-0.09036509121314758
108,986,0.29490004234980444
108,987,-0.040802591656624365
109,988,1.0316747462606919
109,989,-0.13817725722197047
109,990,0.2955661283167788
109,991,-0.19322431902023107
109,992,0.7611405863177612
109,993,-1.0110833396302248
109,994,0.9384121186304388
109,995,-0.6498985226751319
109,996,0.8901036473638282
109,997,0.28498139679930884
109,998,2.2238740108312333E-4
109,999,0.5593702225994377
109,1000,0.6170099017577232
109,1001,-0.12821105545502048
109,1002,1.0248675993693757
109,1003,-0.8143006584988435
109,1004,0.07206714871694905
109,1005,-0.4691345565500476
109,1006,1.235424424412813
109,1007,0.44661493316857664
109,1008,-0.1834853086902442
109,1009,-0.15268980214196415
109,1010,-0.929274973969642
109,1011,0.014448210216452019
109,1012,-0.6632183136752183
109,1013,0.31722514244742117
109,1014,0.16194159997039542
109,1015,-0.22295958852572167
109,1016,0.46285675810934246
109,1017,-0.3363113538820336
109,1018,0.4510483967777592
110,1019,0.1734810256606178
110,1020,0.16609463070945749
110,1021,-0.6538415449464735
110,1022,-0.6873658645906471
110,1023,-0.6304831831269241
110,1024,-0.1506913046744333
110,1025,-0.08069192825769568
110,1026,-0.26341008874466876
110,1027,0.33162427270997585
110,1028,-0.650017578322114
110,1029,-0.5900052138071803
110,1030,-0.41913561899490787
110,1031,-0.12602500965806732
110,1032,0.8848409955866592
110,1033,-0.6269992343530105
110,1034,0.5004258714666124
110,1035,-0.38863303065403815
110,1036,0.7196902651947983
110,1037,0.3584912165450603
110,1038,0.4835621446212657
110,1039,0.5828526741012491
110,1040,1.037878851732425
110,1041,0.3213146879248615
110,1042,-0.8084441047952485
110,1043,0.14290293798845602
110,1044,0.09609227400991796
110,1045,-0.31744156056268097
110,1046,2.9476295026284645E-4
110,1047,-0.2879169112000559
110,1048,-0.29463947075060287
110,1049,-0.8968816197032341
111,1050,0.3720209452496186
111,1051,-0.6971859160453541
111,1052,-1.1383866368626514
111,1053,2.206113162868297
111,1054,-0.08911417980100513
111,1055,-1.0194270767656133
111,1056,1.738950702109326
111,1057,-0.19082829112544228
111,1058,1.0473925367051684
111,1059,0.5484579448301361
111,1060,0.9644205560174981
